player_id,TM,POS,AGE,FIRST,LAST,B,T,BAT_PROFILE,AVG,CLU,SPD,FLD,BABIP,BB,SO,HP,HR,IH,SL,DL,TL,GO,FO,LO,PO
1000,BKN,CF,34,BKN_1000,BKN_CF,L,R,2,0.197,-0.31,6.9,0.999,0.23,0.085,0.235,0.008,0.035,0.095,0.655,0.215,0.035,0.455,0.275,0.185,0.085
1001,BKN,DH,29,BKN_1001,BKN_DH,L,R,5,0.31,-0.46,8.1,0.999,0.29,0.085,0.235,0.008,0.035,0.095,0.655,0.215,0.035,0.455,0.275,0.185,0.085
1002,BKN,LF,31,BKN_1002,BKN_LF,R,R,5,0.272,0.26,4.4,0.999,0.26,0.085,0.235,0.008,0.035,0.095,0.655,0.215,0.035,0.455,0.275,0.185,0.085
1003,BKN,1B,34,BKN_1003,BKN_1B,L,R,5,0.282,-0.78,4.1,0.999,0.36,0.085,0.235,0.008,0.035,0.095,0.655,0.215,0.035,0.455,0.275,0.185,0.085
1004,BKN,C,29,BKN_1004,BKN_C,R,R,4,0.248,0.69,3.2,0.999,0.326,0.085,0.235,0.008,0.035,0.095,0.655,0.215,0.035,0.455,0.275,0.185,0.085
1005,BKN,SS,31,BKN_1005,BKN_SS,R,R,1,0.289,-0.06,6.3,0.999,0.26,0.085,0.235,0.008,0.035,0.095,0.655,0.215,0.035,0.455,0.275,0.185,0.085
1006,BKN,2B,26,BKN_1006,BKN_2B,L,R,1,0.251,0.84,4.3,0.999,0.303,0.085,0.235,0.008,0.035,0.095,0.655,0.215,0.035,0.455,0.275,0.185,0.085
1007,BKN,RF,23,BKN_1007,BKN_RF,R,R,2,0.248,-0.28,3.3,0.999,0.337,0.085,0.235,0.008,0.035,0.095,0.655,0.215,0.035,0.455,0.275,0.185,0.085
1008,BKN,3B,32,BKN_1008,BKN_3B,R,R,3,0.229,0.93,1.6,0.999,0.267,0.085,0.235,0.008,0.035,0.095,0.655,0.215,0.035,0.455,0.275,0.185,0.085
1009,BKN,3B,33,BKN_1009,BKN_3B,L,R,3,0.232,-0.66,3,0.999,0.294,0.085,0.235,0.008,0.035,0.095,0.655,0.215,0.035,0.455,0.275,0.185,0.085
1010,BKN,LF,33,BKN_1010,BKN_LF,R,R,2,0.202,-0.1,5.3,0.999,0.35,0.085,0.235,0.008,0.035,0.095,0.655,0.215,0.035,0.455,0.275,0.185,0.085
1011,BKN,C,34,BKN_1011,BKN_C,R,R,1,0.264,0.61,3.6,0.999,0.237,0.085,0.235,0.008,0.035,0.095,0.655,0.215,0.035,0.455,0.275,0.185,0.085
1012,BKN,CF,29,BKN_1012,BKN_CF,B,R,2,0.237,0.24,6.8,0.999,0.233,0.085,0.235,0.008,0.035,0.095,0.655,0.215,0.035,0.455,0.275,0.185,0.085
1013,BKN,SP,28,BKN_1013,BKN_SP,R,R,4,0.183,-0.27,6.9,0.999,0.361,0.085,0.235,0.008,0.035,0.095,0.655,0.215,0.035,0.455,0.275,0.185,0.085
1014,BKN,SP,29,BKN_1014,BKN_SP,R,R,5,0.235,0.05,8.1,0.999,0.255,0.085,0.235,0.008,0.035,0.095,0.655,0.215,0.035,0.455,0.275,0.185,0.085
1015,BKN,SP,25,BKN_1015,BKN_SP,R,R,2,0.226,-0.15,4.4,0.999,0.345,0.085,0.235,0.008,0.035,0.095,0.655,0.215,0.035,0.455,0.275,0.185,0.085
1016,BKN,SP,36,BKN_1016,BKN_SP,R,R,5,0.193,-0.15,4.1,0.999,0.346,0.085,0.235,0.008,0.035,0.095,0.655,0.215,0.035,0.455,0.275,0.185,0.085
1017,BKN,SP,29,BKN_1017,BKN_SP,R,R,3,0.229,0.29,3.2,0.999,0.308,0.085,0.235,0.008,0.035,0.095,0.655,0.215,0.035,0.455,0.275,0.185,0.085
1018,BKN,RP,30,BKN_1018,BKN_RP,L,L,4,0.233,0.71,6.3,0.999,0.371,0.085,0.235,0.008,0.035,0.095,0.655,0.215,0.035,0.455,0.275,0.185,0.085
1019,BKN,RP,26,BKN_1019,BKN_RP,L,R,1,0.219,0.54,4.3,0.999,0.309,0.085,0.235,0.008,0.035,0.095,0.655,0.215,0.035,0.455,0.275,0.185,0.085
1020,BKN,RP,36,BKN_1020,BKN_RP,R,R,4,0.21,-0.27,3.3,0.999,0.245,0.085,0.235,0.008,0.035,0.095,0.655,0.215,0.035,0.455,0.275,0.185,0.085
1021,BKN,RP,25,BKN_1021,BKN_RP,R,R,3,0.273,0.22,1.6,0.999,0.343,0.085,0.235,0.008,0.035,0.095,0.655,0.215,0.035,0.455,0.275,0.185,0.085
1022,BKN,RP,37,BKN_1022,BKN_RP,R,R,5,0.197,-0.47,3,0.999,0.262,0.085,0.235,0.008,0.035,0.095,0.655,0.215,0.035,0.455,0.275,0.185,0.085
1023,BKN,RP,29,BKN_1023,BKN_RP,R,R,5,0.233,0.52,5.3,0.999,0.374,0.085,0.235,0.008,0.035,0.095,0.655,0.215,0.035,0.455,0.275,0.185,0.085
1024,BKN,RP,22,BKN_1024,BKN_RP,R,R,5,0.167,0.17,3.6,0.999,0.312,0.085,0.235,0.008,0.035,0.095,0.655,0.215,0.035,0.455,0.275,0.185,0.085
1025,BKN,RP,29,BKN_1025,BKN_RP,R,R,4,0.286,0.63,6.8,0.999,0.227,0.085,0.235,0.008,0.035,0.095,0.655,0.215,0.035,0.455,0.275,0.185,0.085
1026,BOS,CF,34,BOS_1026,BOS_CF,L,R,2,0.197,-0.31,6.9,0.999,0.298,0.085,0.235,0.008,0.035,0.095,0.655,0.215,0.035,0.455,0.275,0.185,0.085
1027,BOS,DH,29,BOS_1027,BOS_DH,L,R,5,0.31,-0.46,8.1,0.999,0.337,0.085,0.235,0.008,0.035,0.095,0.655,0.215,0.035,0.455,0.275,0.185,0.085
1028,BOS,LF,31,BOS_1028,BOS_LF,R,R,5,0.272,0.26,4.4,0.999,0.336,0.085,0.235,0.008,0.035,0.095,0.655,0.215,0.035,0.455,0.275,0.185,0.085
1029,BOS,1B,34,BOS_1029,BOS_1B,L,R,5,0.282,-0.78,4.1,0.999,0.338,0.085,0.235,0.008,0.035,0.095,0.655,0.215,0.035,0.455,0.275,0.185,0.085
1030,BOS,C,29,BOS_1030,BOS_C,R,R,4,0.248,0.69,3.2,0.999,0.271,0.085,0.235,0.008,0.035,0.095,0.655,0.215,0.035,0.455,0.275,0.185,0.085
1031,BOS,SS,31,BOS_1031,BOS_SS,R,R,1,0.289,-0.06,6.3,0.999,0.37,0.085,0.235,0.008,0.035,0.095,0.655,0.215,0.035,0.455,0.275,0.185,0.085
1032,BOS,2B,26,BOS_1032,BOS_2B,L,R,1,0.251,0.84,4.3,0.999,0.276,0.085,0.235,0.008,0.035,0.095,0.655,0.215,0.035,0.455,0.275,0.185,0.085
1033,BOS,RF,23,BOS_1033,BOS_RF,R,R,2,0.248,-0.28,3.3,0.999,0.282,0.085,0.235,0.008,0.035,0.095,0.655,0.215,0.035,0.455,0.275,0.185,0.085
1034,BOS,3B,32,BOS_1034,BOS_3B,R,R,3,0.229,0.93,1.6,0.999,0.295,0.085,0.235,0.008,0.035,0.095,0.655,0.215,0.035,0.455,0.275,0.185,0.085
1035,BOS,3B,33,BOS_1035,BOS_3B,L,R,3,0.232,-0.66,3,0.999,0.259,0.085,0.235,0.008,0.035,0.095,0.655,0.215,0.035,0.455,0.275,0.185,0.085
1036,BOS,LF,33,BOS_1036,BOS_LF,R,R,2,0.202,-0.1,5.3,0.999,0.297,0.085,0.235,0.008,0.035,0.095,0.655,0.215,0.035,0.455,0.275,0.185,0.085
1037,BOS,C,34,BOS_1037,BOS_C,R,R,1,0.264,0.61,3.6,0.999,0.272,0.085,0.235,0.008,0.035,0.095,0.655,0.215,0.035,0.455,0.275,0.185,0.085
1038,BOS,CF,29,BOS_1038,BOS_CF,B,R,2,0.237,0.24,6.8,0.999,0.28,0.085,0.235,0.008,0.035,0.095,0.655,0.215,0.035,0.455,0.275,0.185,0.085
1039,BOS,SP,28,BOS_1039,BOS_SP,R,R,4,0.183,-0.27,6.9,0.999,0.299,0.085,0.235,0.008,0.035,0.095,0.655,0.215,0.035,0.455,0.275,0.185,0.085
1040,BOS,SP,29,BOS_1040,BOS_SP,R,R,5,0.235,0.05,8.1,0.999,0.35,0.085,0.235,0.008,0.035,0.095,0.655,0.215,0.035,0.455,0.275,0.185,0.085
1041,BOS,SP,25,BOS_1041,BOS_SP,R,R,2,0.226,-0.15,4.4,0.999,0.246,0.085,0.235,0.008,0.035,0.095,0.655,0.215,0.035,0.455,0.275,0.185,0.085
1042,BOS,SP,36,BOS_1042,BOS_SP,R,R,5,0.193,-0.15,4.1,0.999,0.353,0.085,0.235,0.008,0.035,0.095,0.655,0.215,0.035,0.455,0.275,0.185,0.085
1043,BOS,SP,29,BOS_1043,BOS_SP,R,R,3,0.229,0.29,3.2,0.999,0.293,0.085,0.235,0.008,0.035,0.095,0.655,0.215,0.035,0.455,0.275,0.185,0.085
1044,BOS,RP,30,BOS_1044,BOS_RP,L,L,4,0.233,0.71,6.3,0.999,0.312,0.085,0.235,0.008,0.035,0.095,0.655,0.215,0.035,0.455,0.275,0.185,0.085
1045,BOS,RP,26,BOS_1045,BOS_RP,L,R,1,0.219,0.54,4.3,0.999,0.358,0.085,0.235,0.008,0.035,0.095,0.655,0.215,0.035,0.455,0.275,0.185,0.085
1046,BOS,RP,36,BOS_1046,BOS_RP,R,R,4,0.21,-0.27,3.3,0.999,0.243,0.085,0.235,0.008,0.035,0.095,0.655,0.215,0.035,0.455,0.275,0.185,0.085
1047,BOS,RP,25,BOS_1047,BOS_RP,R,R,3,0.273,0.22,1.6,0.999,0.263,0.085,0.235,0.008,0.035,0.095,0.655,0.215,0.035,0.455,0.275,0.185,0.085
1048,BOS,RP,37,BOS_1048,BOS_RP,R,R,5,0.197,-0.47,3,0.999,0.228,0.085,0.235,0.008,0.035,0.095,0.655,0.215,0.035,0.455,0.275,0.185,0.085
1049,BOS,RP,29,BOS_1049,BOS_RP,R,R,5,0.233,0.52,5.3,0.999,0.317,0.085,0.235,0.008,0.035,0.095,0.655,0.215,0.035,0.455,0.275,0.185,0.085
1050,BOS,RP,22,BOS_1050,BOS_RP,R,R,5,0.167,0.17,3.6,0.999,0.319,0.085,0.235,0.008,0.035,0.095,0.655,0.215,0.035,0.455,0.275,0.185,0.085
1051,BOS,RP,29,BOS_1051,BOS_RP,R,R,4,0.286,0.63,6.8,0.999,0.355,0.085,0.235,0.008,0.035,0.095,0.655,0.215,0.035,0.455,0.275,0.185,0.085
1052,CHR,CF,34,CHR_1052,CHR_CF,L,R,2,0.197,-0.31,6.9,0.999,0.298,0.112,0.212,0.006,0.032,0.067,0.572,0.212,0.149,0.426,0.228,0.170,0.175
1053,CHR,DH,29,CHR_1053,CHR_DH,L,R,5,0.31,-0.46,8.1,0.999,0.356,0.075,0.248,0.006,0.082,0.077,0.615,0.201,0.108,0.474,0.266,0.178,0.082
1054,CHR,LF,31,CHR_1054,CHR_LF,R,R,5,0.272,0.26,4.4,0.999,0.286,0.091,0.258,0.006,0.068,0.092,0.658,0.166,0.084,0.485,0.256,0.204,0.055
1055,CHR,1B,34,CHR_1055,CHR_1B,L,R,5,0.282,-0.78,4.1,0.999,0.248,0.085,0.263,0.005,0.085,0.110,0.612,0.211,0.067,0.465,0.238,0.186,0.111
1056,CHR,C,29,CHR_1056,CHR_C,R,R,4,0.248,0.69,3.2,0.999,0.243,0.079,0.204,0.008,0.040,0.104,0.572,0.177,0.147,0.427,0.269,0.199,0.105
1057,CHR,SS,31,CHR_1057,CHR_SS,R,R,1,0.289,-0.06,6.3,0.999,0.253,0.083,0.213,0.008,0.050,0.102,0.559,0.195,0.144,0.482,0.252,0.201,0.065
1058,CHR,2B,26,CHR_1058,CHR_2B,L,R,1,0.251,0.84,4.3,0.999,0.241,0.123,0.266,0.007,0.015,0.090,0.621,0.208,0.081,0.465,0.268,0.176,0.091
1059,CHR,RF,23,CHR_1059,CHR_RF,R,R,2,0.248,-0.28,3.3,0.999,0.302,0.081,0.283,0.005,0.066,0.102,0.568,0.167,0.162,0.448,0.269,0.194,0.088
1060,CHR,3B,32,CHR_1060,CHR_3B,R,R,3,0.229,0.93,1.6,0.999,0.29,0.090,0.275,0.007,0.085,0.082,0.650,0.171,0.097,0.462,0.265,0.165,0.108
1061,CHR,3B,33,CHR_1061,CHR_3B,L,R,3,0.232,-0.66,3,0.999,0.28,0.107,0.246,0.007,0.050,0.074,0.608,0.185,0.133,0.453,0.236,0.200,0.111
1062,CHR,LF,33,CHR_1062,CHR_LF,R,R,2,0.202,-0.1,5.3,0.999,0.314,0.123,0.191,0.007,0.029,0.102,0.603,0.201,0.094,0.462,0.278,0.170,0.090
1063,CHR,C,34,CHR_1063,CHR_C,R,R,1,0.264,0.61,3.6,0.999,0.248,0.101,0.190,0.005,0.074,0.106,0.556,0.212,0.127,0.454,0.241,0.180,0.124
1064,CHR,CF,29,CHR_1064,CHR_CF,B,R,2,0.237,0.24,6.8,0.999,0.331,0.119,0.247,0.006,0.047,0.110,0.572,0.180,0.138,0.442,0.282,0.202,0.074
1065,CHR,SP,28,CHR_1065,CHR_SP,R,R,4,0.183,-0.27,6.9,0.999,0.31,0.124,0.227,0.008,0.078,0.073,0.620,0.168,0.139,0.425,0.239,0.193,0.143
1066,CHR,SP,29,CHR_1066,CHR_SP,R,R,5,0.235,0.05,8.1,0.999,0.269,0.091,0.272,0.006,0.045,0.096,0.675,0.171,0.058,0.418,0.233,0.188,0.160
1067,CHR,SP,25,CHR_1067,CHR_SP,R,R,2,0.226,-0.15,4.4,0.999,0.334,0.078,0.215,0.006,0.065,0.098,0.682,0.188,0.032,0.477,0.235,0.195,0.093
1068,CHR,SP,36,CHR_1068,CHR_SP,R,R,5,0.193,-0.15,4.1,0.999,0.235,0.107,0.202,0.006,0.017,0.083,0.651,0.203,0.064,0.487,0.253,0.175,0.085
1069,CHR,SP,29,CHR_1069,CHR_SP,R,R,3,0.229,0.29,3.2,0.999,0.342,0.089,0.242,0.008,0.076,0.090,0.658,0.170,0.082,0.485,0.238,0.194,0.083
1070,CHR,RP,30,CHR_1070,CHR_RP,L,L,4,0.233,0.71,6.3,0.999,0.352,0.089,0.252,0.007,0.035,0.108,0.663,0.187,0.042,0.434,0.227,0.197,0.142
1071,CHR,RP,26,CHR_1071,CHR_RP,L,R,1,0.219,0.54,4.3,0.999,0.228,0.100,0.187,0.006,0.054,0.114,0.682,0.175,0.028,0.423,0.273,0.202,0.102
1072,CHR,RP,36,CHR_1072,CHR_RP,R,R,4,0.21,-0.27,3.3,0.999,0.363,0.113,0.233,0.005,0.082,0.106,0.558,0.204,0.132,0.419,0.266,0.181,0.133
1073,CHR,RP,25,CHR_1073,CHR_RP,R,R,3,0.273,0.22,1.6,0.999,0.285,0.107,0.189,0.006,0.023,0.081,0.662,0.208,0.049,0.447,0.228,0.184,0.141
1074,CHR,RP,37,CHR_1074,CHR_RP,R,R,5,0.197,-0.47,3,0.999,0.355,0.118,0.229,0.005,0.059,0.086,0.573,0.167,0.174,0.441,0.237,0.167,0.156
1075,CHR,RP,29,CHR_1075,CHR_RP,R,R,5,0.233,0.52,5.3,0.999,0.331,0.077,0.282,0.006,0.032,0.103,0.638,0.172,0.087,0.436,0.262,0.201,0.101
1076,CHR,RP,22,CHR_1076,CHR_RP,R,R,5,0.167,0.17,3.6,0.999,0.26,0.118,0.275,0.006,0.031,0.067,0.573,0.174,0.186,0.443,0.246,0.169,0.142
1077,CHR,RP,29,CHR_1077,CHR_RP,R,R,4,0.286,0.63,6.8,0.999,0.269,0.093,0.211,0.006,0.077,0.108,0.654,0.188,0.050,0.460,0.246,0.186,0.108
1078,CLE,CF,34,CLE_1078,CLE_CF,L,R,2,0.197,-0.31,6.9,0.999,0.318,0.085,0.235,0.008,0.035,0.095,0.655,0.215,0.035,0.455,0.275,0.185,0.085
1079,CLE,DH,29,CLE_1079,CLE_DH,L,R,5,0.31,-0.46,8.1,0.999,0.235,0.085,0.235,0.008,0.035,0.095,0.655,0.215,0.035,0.455,0.275,0.185,0.085
1080,CLE,LF,31,CLE_1080,CLE_LF,R,R,5,0.272,0.26,4.4,0.999,0.352,0.085,0.235,0.008,0.035,0.095,0.655,0.215,0.035,0.455,0.275,0.185,0.085
1081,CLE,1B,34,CLE_1081,CLE_1B,L,R,5,0.282,-0.78,4.1,0.999,0.33,0.085,0.235,0.008,0.035,0.095,0.655,0.215,0.035,0.455,0.275,0.185,0.085
1082,CLE,C,29,CLE_1082,CLE_C,R,R,4,0.248,0.69,3.2,0.999,0.243,0.085,0.235,0.008,0.035,0.095,0.655,0.215,0.035,0.455,0.275,0.185,0.085
1083,CLE,SS,31,CLE_1083,CLE_SS,R,R,1,0.289,-0.06,6.3,0.999,0.261,0.085,0.235,0.008,0.035,0.095,0.655,0.215,0.035,0.455,0.275,0.185,0.085
1084,CLE,2B,26,CLE_1084,CLE_2B,L,R,1,0.251,0.84,4.3,0.999,0.242,0.085,0.235,0.008,0.035,0.095,0.655,0.215,0.035,0.455,0.275,0.185,0.085
1085,CLE,RF,23,CLE_1085,CLE_RF,R,R,2,0.248,-0.28,3.3,0.999,0.245,0.085,0.235,0.008,0.035,0.095,0.655,0.215,0.035,0.455,0.275,0.185,0.085
1086,CLE,3B,32,CLE_1086,CLE_3B,R,R,3,0.229,0.93,1.6,0.999,0.374,0.085,0.235,0.008,0.035,0.095,0.655,0.215,0.035,0.455,0.275,0.185,0.085
1087,CLE,3B,33,CLE_1087,CLE_3B,L,R,3,0.232,-0.66,3,0.999,0.315,0.085,0.235,0.008,0.035,0.095,0.655,0.215,0.035,0.455,0.275,0.185,0.085
1088,CLE,LF,33,CLE_1088,CLE_LF,R,R,2,0.202,-0.1,5.3,0.999,0.257,0.085,0.235,0.008,0.035,0.095,0.655,0.215,0.035,0.455,0.275,0.185,0.085
1089,CLE,C,34,CLE_1089,CLE_C,R,R,1,0.264,0.61,3.6,0.999,0.269,0.085,0.235,0.008,0.035,0.095,0.655,0.215,0.035,0.455,0.275,0.185,0.085
1090,CLE,CF,29,CLE_1090,CLE_CF,B,R,2,0.237,0.24,6.8,0.999,0.315,0.085,0.235,0.008,0.035,0.095,0.655,0.215,0.035,0.455,0.275,0.185,0.085
1091,CLE,SP,28,CLE_1091,CLE_SP,R,R,4,0.183,-0.27,6.9,0.999,0.241,0.085,0.235,0.008,0.035,0.095,0.655,0.215,0.035,0.455,0.275,0.185,0.085
1092,CLE,SP,29,CLE_1092,CLE_SP,R,R,5,0.235,0.05,8.1,0.999,0.35,0.085,0.235,0.008,0.035,0.095,0.655,0.215,0.035,0.455,0.275,0.185,0.085
1093,CLE,SP,25,CLE_1093,CLE_SP,R,R,2,0.226,-0.15,4.4,0.999,0.317,0.085,0.235,0.008,0.035,0.095,0.655,0.215,0.035,0.455,0.275,0.185,0.085
1094,CLE,SP,36,CLE_1094,CLE_SP,R,R,5,0.193,-0.15,4.1,0.999,0.368,0.085,0.235,0.008,0.035,0.095,0.655,0.215,0.035,0.455,0.275,0.185,0.085
1095,CLE,SP,29,CLE_1095,CLE_SP,R,R,3,0.229,0.29,3.2,0.999,0.26,0.085,0.235,0.008,0.035,0.095,0.655,0.215,0.035,0.455,0.275,0.185,0.085
1096,CLE,RP,30,CLE_1096,CLE_RP,L,L,4,0.233,0.71,6.3,0.999,0.252,0.085,0.235,0.008,0.035,0.095,0.655,0.215,0.035,0.455,0.275,0.185,0.085
1097,CLE,RP,26,CLE_1097,CLE_RP,L,R,1,0.219,0.54,4.3,0.999,0.337,0.085,0.235,0.008,0.035,0.095,0.655,0.215,0.035,0.455,0.275,0.185,0.085
1098,CLE,RP,36,CLE_1098,CLE_RP,R,R,4,0.21,-0.27,3.3,0.999,0.311,0.085,0.235,0.008,0.035,0.095,0.655,0.215,0.035,0.455,0.275,0.185,0.085
1099,CLE,RP,25,CLE_1099,CLE_RP,R,R,3,0.273,0.22,1.6,0.999,0.313,0.085,0.235,0.008,0.035,0.095,0.655,0.215,0.035,0.455,0.275,0.185,0.085
1100,CLE,RP,37,CLE_1100,CLE_RP,R,R,5,0.197,-0.47,3,0.999,0.27,0.085,0.235,0.008,0.035,0.095,0.655,0.215,0.035,0.455,0.275,0.185,0.085
1101,CLE,RP,29,CLE_1101,CLE_RP,R,R,5,0.233,0.52,5.3,0.999,0.327,0.085,0.235,0.008,0.035,0.095,0.655,0.215,0.035,0.455,0.275,0.185,0.085
1102,CLE,RP,22,CLE_1102,CLE_RP,R,R,5,0.167,0.17,3.6,0.999,0.332,0.085,0.235,0.008,0.035,0.095,0.655,0.215,0.035,0.455,0.275,0.185,0.085
1103,CLE,RP,29,CLE_1103,CLE_RP,R,R,4,0.286,0.63,6.8,0.999,0.28,0.085,0.235,0.008,0.035,0.095,0.655,0.215,0.035,0.455,0.275,0.185,0.085
1104,DET,CF,34,DET_1104,DET_CF,L,R,2,0.197,-0.31,6.9,0.999,0.325,0.085,0.235,0.008,0.035,0.095,0.655,0.215,0.035,0.455,0.275,0.185,0.085
1105,DET,DH,29,DET_1105,DET_DH,L,R,5,0.31,-0.46,8.1,0.999,0.249,0.085,0.235,0.008,0.035,0.095,0.655,0.215,0.035,0.455,0.275,0.185,0.085
1106,DET,LF,31,DET_1106,DET_LF,R,R,5,0.272,0.26,4.4,0.999,0.227,0.085,0.235,0.008,0.035,0.095,0.655,0.215,0.035,0.455,0.275,0.185,0.085
1107,DET,1B,34,DET_1107,DET_1B,L,R,5,0.282,-0.78,4.1,0.999,0.292,0.085,0.235,0.008,0.035,0.095,0.655,0.215,0.035,0.455,0.275,0.185,0.085
1108,DET,C,29,DET_1108,DET_C,R,R,4,0.248,0.69,3.2,0.999,0.311,0.085,0.235,0.008,0.035,0.095,0.655,0.215,0.035,0.455,0.275,0.185,0.085
1109,DET,SS,31,DET_1109,DET_SS,R,R,1,0.289,-0.06,6.3,0.999,0.325,0.085,0.235,0.008,0.035,0.095,0.655,0.215,0.035,0.455,0.275,0.185,0.085
1110,DET,2B,26,DET_1110,DET_2B,L,R,1,0.251,0.84,4.3,0.999,0.226,0.085,0.235,0.008,0.035,0.095,0.655,0.215,0.035,0.455,0.275,0.185,0.085
1111,DET,RF,23,DET_1111,DET_RF,R,R,2,0.248,-0.28,3.3,0.999,0.336,0.085,0.235,0.008,0.035,0.095,0.655,0.215,0.035,0.455,0.275,0.185,0.085
1112,DET,3B,32,DET_1112,DET_3B,R,R,3,0.229,0.93,1.6,0.999,0.303,0.085,0.235,0.008,0.035,0.095,0.655,0.215,0.035,0.455,0.275,0.185,0.085
1113,DET,3B,33,DET_1113,DET_3B,L,R,3,0.232,-0.66,3,0.999,0.338,0.085,0.235,0.008,0.035,0.095,0.655,0.215,0.035,0.455,0.275,0.185,0.085
1114,DET,LF,33,DET_1114,DET_LF,R,R,2,0.202,-0.1,5.3,0.999,0.259,0.085,0.235,0.008,0.035,0.095,0.655,0.215,0.035,0.455,0.275,0.185,0.085
1115,DET,C,34,DET_1115,DET_C,R,R,1,0.264,0.61,3.6,0.999,0.258,0.085,0.235,0.008,0.035,0.095,0.655,0.215,0.035,0.455,0.275,0.185,0.085
1116,DET,CF,29,DET_1116,DET_CF,B,R,2,0.237,0.24,6.8,0.999,0.239,0.085,0.235,0.008,0.035,0.095,0.655,0.215,0.035,0.455,0.275,0.185,0.085
1117,DET,SP,28,DET_1117,DET_SP,R,R,4,0.183,-0.27,6.9,0.999,0.288,0.085,0.235,0.008,0.035,0.095,0.655,0.215,0.035,0.455,0.275,0.185,0.085
1118,DET,SP,29,DET_1118,DET_SP,R,R,5,0.235,0.05,8.1,0.999,0.325,0.085,0.235,0.008,0.035,0.095,0.655,0.215,0.035,0.455,0.275,0.185,0.085
1119,DET,SP,25,DET_1119,DET_SP,R,R,2,0.226,-0.15,4.4,0.999,0.326,0.085,0.235,0.008,0.035,0.095,0.655,0.215,0.035,0.455,0.275,0.185,0.085
1120,DET,SP,36,DET_1120,DET_SP,R,R,5,0.193,-0.15,4.1,0.999,0.245,0.085,0.235,0.008,0.035,0.095,0.655,0.215,0.035,0.455,0.275,0.185,0.085
1121,DET,SP,29,DET_1121,DET_SP,R,R,3,0.229,0.29,3.2,0.999,0.272,0.085,0.235,0.008,0.035,0.095,0.655,0.215,0.035,0.455,0.275,0.185,0.085
1122,DET,RP,30,DET_1122,DET_RP,L,L,4,0.233,0.71,6.3,0.999,0.329,0.085,0.235,0.008,0.035,0.095,0.655,0.215,0.035,0.455,0.275,0.185,0.085
1123,DET,RP,26,DET_1123,DET_RP,L,R,1,0.219,0.54,4.3,0.999,0.269,0.085,0.235,0.008,0.035,0.095,0.655,0.215,0.035,0.455,0.275,0.185,0.085
1124,DET,RP,36,DET_1124,DET_RP,R,R,4,0.21,-0.27,3.3,0.999,0.364,0.085,0.235,0.008,0.035,0.095,0.655,0.215,0.035,0.455,0.275,0.185,0.085
1125,DET,RP,25,DET_1125,DET_RP,R,R,3,0.273,0.22,1.6,0.999,0.354,0.085,0.235,0.008,0.035,0.095,0.655,0.215,0.035,0.455,0.275,0.185,0.085
1126,DET,RP,37,DET_1126,DET_RP,R,R,5,0.197,-0.47,3,0.999,0.322,0.085,0.235,0.008,0.035,0.095,0.655,0.215,0.035,0.455,0.275,0.185,0.085
1127,DET,RP,29,DET_1127,DET_RP,R,R,5,0.233,0.52,5.3,0.999,0.308,0.085,0.235,0.008,0.035,0.095,0.655,0.215,0.035,0.455,0.275,0.185,0.085
1128,DET,RP,22,DET_1128,DET_RP,R,R,5,0.167,0.17,3.6,0.999,0.229,0.085,0.235,0.008,0.035,0.095,0.655,0.215,0.035,0.455,0.275,0.185,0.085
1129,DET,RP,29,DET_1129,DET_RP,R,R,4,0.286,0.63,6.8,0.999,0.372,0.085,0.235,0.008,0.035,0.095,0.655,0.215,0.035,0.455,0.275,0.185,0.085
1130,HOU,CF,34,HOU_1130,HOU_CF,L,R,2,0.197,-0.31,6.9,0.999,0.329,0.085,0.235,0.008,0.035,0.095,0.655,0.215,0.035,0.455,0.275,0.185,0.085
1131,HOU,DH,29,HOU_1131,HOU_DH,L,R,5,0.31,-0.46,8.1,0.999,0.372,0.085,0.235,0.008,0.035,0.095,0.655,0.215,0.035,0.455,0.275,0.185,0.085
1132,HOU,LF,31,HOU_1132,HOU_LF,R,R,5,0.272,0.26,4.4,0.999,0.347,0.085,0.235,0.008,0.035,0.095,0.655,0.215,0.035,0.455,0.275,0.185,0.085
1133,HOU,1B,34,HOU_1133,HOU_1B,L,R,5,0.282,-0.78,4.1,0.999,0.273,0.085,0.235,0.008,0.035,0.095,0.655,0.215,0.035,0.455,0.275,0.185,0.085
1134,HOU,C,29,HOU_1134,HOU_C,R,R,4,0.248,0.69,3.2,0.999,0.28,0.085,0.235,0.008,0.035,0.095,0.655,0.215,0.035,0.455,0.275,0.185,0.085
1135,HOU,SS,31,HOU_1135,HOU_SS,R,R,1,0.289,-0.06,6.3,0.999,0.271,0.085,0.235,0.008,0.035,0.095,0.655,0.215,0.035,0.455,0.275,0.185,0.085
1136,HOU,2B,26,HOU_1136,HOU_2B,L,R,1,0.251,0.84,4.3,0.999,0.326,0.085,0.235,0.008,0.035,0.095,0.655,0.215,0.035,0.455,0.275,0.185,0.085
1137,HOU,RF,23,HOU_1137,HOU_RF,R,R,2,0.248,-0.28,3.3,0.999,0.232,0.085,0.235,0.008,0.035,0.095,0.655,0.215,0.035,0.455,0.275,0.185,0.085
1138,HOU,3B,32,HOU_1138,HOU_3B,R,R,3,0.229,0.93,1.6,0.999,0.324,0.085,0.235,0.008,0.035,0.095,0.655,0.215,0.035,0.455,0.275,0.185,0.085
1139,HOU,3B,33,HOU_1139,HOU_3B,L,R,3,0.232,-0.66,3,0.999,0.265,0.085,0.235,0.008,0.035,0.095,0.655,0.215,0.035,0.455,0.275,0.185,0.085
1140,HOU,LF,33,HOU_1140,HOU_LF,R,R,2,0.202,-0.1,5.3,0.999,0.351,0.085,0.235,0.008,0.035,0.095,0.655,0.215,0.035,0.455,0.275,0.185,0.085
1141,HOU,C,34,HOU_1141,HOU_C,R,R,1,0.264,0.61,3.6,0.999,0.266,0.085,0.235,0.008,0.035,0.095,0.655,0.215,0.035,0.455,0.275,0.185,0.085
1142,HOU,CF,29,HOU_1142,HOU_CF,B,R,2,0.237,0.24,6.8,0.999,0.328,0.085,0.235,0.008,0.035,0.095,0.655,0.215,0.035,0.455,0.275,0.185,0.085
1143,HOU,SP,28,HOU_1143,HOU_SP,R,R,4,0.183,-0.27,6.9,0.999,0.257,0.085,0.235,0.008,0.035,0.095,0.655,0.215,0.035,0.455,0.275,0.185,0.085
1144,HOU,SP,29,HOU_1144,HOU_SP,R,R,5,0.235,0.05,8.1,0.999,0.274,0.085,0.235,0.008,0.035,0.095,0.655,0.215,0.035,0.455,0.275,0.185,0.085
1145,HOU,SP,25,HOU_1145,HOU_SP,R,R,2,0.226,-0.15,4.4,0.999,0.261,0.085,0.235,0.008,0.035,0.095,0.655,0.215,0.035,0.455,0.275,0.185,0.085
1146,HOU,SP,36,HOU_1146,HOU_SP,R,R,5,0.193,-0.15,4.1,0.999,0.285,0.085,0.235,0.008,0.035,0.095,0.655,0.215,0.035,0.455,0.275,0.185,0.085
1147,HOU,SP,29,HOU_1147,HOU_SP,R,R,3,0.229,0.29,3.2,0.999,0.36,0.085,0.235,0.008,0.035,0.095,0.655,0.215,0.035,0.455,0.275,0.185,0.085
1148,HOU,RP,30,HOU_1148,HOU_RP,L,L,4,0.233,0.71,6.3,0.999,0.293,0.085,0.235,0.008,0.035,0.095,0.655,0.215,0.035,0.455,0.275,0.185,0.085
1149,HOU,RP,26,HOU_1149,HOU_RP,L,R,1,0.219,0.54,4.3,0.999,0.32,0.085,0.235,0.008,0.035,0.095,0.655,0.215,0.035,0.455,0.275,0.185,0.085
1150,HOU,RP,36,HOU_1150,HOU_RP,R,R,4,0.21,-0.27,3.3,0.999,0.292,0.085,0.235,0.008,0.035,0.095,0.655,0.215,0.035,0.455,0.275,0.185,0.085
1151,HOU,RP,25,HOU_1151,HOU_RP,R,R,3,0.273,0.22,1.6,0.999,0.368,0.085,0.235,0.008,0.035,0.095,0.655,0.215,0.035,0.455,0.275,0.185,0.085
1152,HOU,RP,37,HOU_1152,HOU_RP,R,R,5,0.197,-0.47,3,0.999,0.368,0.085,0.235,0.008,0.035,0.095,0.655,0.215,0.035,0.455,0.275,0.185,0.085
1153,HOU,RP,29,HOU_1153,HOU_RP,R,R,5,0.233,0.52,5.3,0.999,0.325,0.085,0.235,0.008,0.035,0.095,0.655,0.215,0.035,0.455,0.275,0.185,0.085
1154,HOU,RP,22,HOU_1154,HOU_RP,R,R,5,0.167,0.17,3.6,0.999,0.359,0.085,0.235,0.008,0.035,0.095,0.655,0.215,0.035,0.455,0.275,0.185,0.085
1155,HOU,RP,29,HOU_1155,HOU_RP,R,R,4,0.286,0.63,6.8,0.999,0.297,0.085,0.235,0.008,0.035,0.095,0.655,0.215,0.035,0.455,0.275,0.185,0.085
1156,KCM,CF,34,KCM_1156,KCM_CF,L,R,2,0.197,-0.31,6.9,0.999,0.32,0.085,0.235,0.008,0.035,0.095,0.655,0.215,0.035,0.455,0.275,0.185,0.085
1157,KCM,DH,29,KCM_1157,KCM_DH,L,R,5,0.31,-0.46,8.1,0.999,0.225,0.085,0.235,0.008,0.035,0.095,0.655,0.215,0.035,0.455,0.275,0.185,0.085
1158,KCM,LF,31,KCM_1158,KCM_LF,R,R,5,0.272,0.26,4.4,0.999,0.373,0.085,0.235,0.008,0.035,0.095,0.655,0.215,0.035,0.455,0.275,0.185,0.085
1159,KCM,1B,34,KCM_1159,KCM_1B,L,R,5,0.282,-0.78,4.1,0.999,0.227,0.085,0.235,0.008,0.035,0.095,0.655,0.215,0.035,0.455,0.275,0.185,0.085
1160,KCM,C,29,KCM_1160,KCM_C,R,R,4,0.248,0.69,3.2,0.999,0.268,0.085,0.235,0.008,0.035,0.095,0.655,0.215,0.035,0.455,0.275,0.185,0.085
1161,KCM,SS,31,KCM_1161,KCM_SS,R,R,1,0.289,-0.06,6.3,0.999,0.283,0.085,0.235,0.008,0.035,0.095,0.655,0.215,0.035,0.455,0.275,0.185,0.085
1162,KCM,2B,26,KCM_1162,KCM_2B,L,R,1,0.251,0.84,4.3,0.999,0.271,0.085,0.235,0.008,0.035,0.095,0.655,0.215,0.035,0.455,0.275,0.185,0.085
1163,KCM,RF,23,KCM_1163,KCM_RF,R,R,2,0.248,-0.28,3.3,0.999,0.264,0.085,0.235,0.008,0.035,0.095,0.655,0.215,0.035,0.455,0.275,0.185,0.085
1164,KCM,3B,32,KCM_1164,KCM_3B,R,R,3,0.229,0.93,1.6,0.999,0.301,0.085,0.235,0.008,0.035,0.095,0.655,0.215,0.035,0.455,0.275,0.185,0.085
1165,KCM,3B,33,KCM_1165,KCM_3B,L,R,3,0.232,-0.66,3,0.999,0.327,0.085,0.235,0.008,0.035,0.095,0.655,0.215,0.035,0.455,0.275,0.185,0.085
1166,KCM,LF,33,KCM_1166,KCM_LF,R,R,2,0.202,-0.1,5.3,0.999,0.228,0.085,0.235,0.008,0.035,0.095,0.655,0.215,0.035,0.455,0.275,0.185,0.085
1167,KCM,C,34,KCM_1167,KCM_C,R,R,1,0.264,0.61,3.6,0.999,0.339,0.085,0.235,0.008,0.035,0.095,0.655,0.215,0.035,0.455,0.275,0.185,0.085
1168,KCM,CF,29,KCM_1168,KCM_CF,B,R,2,0.237,0.24,6.8,0.999,0.364,0.085,0.235,0.008,0.035,0.095,0.655,0.215,0.035,0.455,0.275,0.185,0.085
1169,KCM,SP,28,KCM_1169,KCM_SP,R,R,4,0.183,-0.27,6.9,0.999,0.293,0.085,0.235,0.008,0.035,0.095,0.655,0.215,0.035,0.455,0.275,0.185,0.085
1170,KCM,SP,29,KCM_1170,KCM_SP,R,R,5,0.235,0.05,8.1,0.999,0.297,0.085,0.235,0.008,0.035,0.095,0.655,0.215,0.035,0.455,0.275,0.185,0.085
1171,KCM,SP,25,KCM_1171,KCM_SP,R,R,2,0.226,-0.15,4.4,0.999,0.345,0.085,0.235,0.008,0.035,0.095,0.655,0.215,0.035,0.455,0.275,0.185,0.085
1172,KCM,SP,36,KCM_1172,KCM_SP,R,R,5,0.193,-0.15,4.1,0.999,0.349,0.085,0.235,0.008,0.035,0.095,0.655,0.215,0.035,0.455,0.275,0.185,0.085
1173,KCM,SP,29,KCM_1173,KCM_SP,R,R,3,0.229,0.29,3.2,0.999,0.322,0.085,0.235,0.008,0.035,0.095,0.655,0.215,0.035,0.455,0.275,0.185,0.085
1174,KCM,RP,30,KCM_1174,KCM_RP,L,L,4,0.233,0.71,6.3,0.999,0.225,0.085,0.235,0.008,0.035,0.095,0.655,0.215,0.035,0.455,0.275,0.185,0.085
1175,KCM,RP,26,KCM_1175,KCM_RP,L,R,1,0.219,0.54,4.3,0.999,0.33,0.085,0.235,0.008,0.035,0.095,0.655,0.215,0.035,0.455,0.275,0.185,0.085
1176,KCM,RP,36,KCM_1176,KCM_RP,R,R,4,0.21,-0.27,3.3,0.999,0.351,0.085,0.235,0.008,0.035,0.095,0.655,0.215,0.035,0.455,0.275,0.185,0.085
1177,KCM,RP,25,KCM_1177,KCM_RP,R,R,3,0.273,0.22,1.6,0.999,0.252,0.085,0.235,0.008,0.035,0.095,0.655,0.215,0.035,0.455,0.275,0.185,0.085
1178,KCM,RP,37,KCM_1178,KCM_RP,R,R,5,0.197,-0.47,3,0.999,0.286,0.085,0.235,0.008,0.035,0.095,0.655,0.215,0.035,0.455,0.275,0.185,0.085
1179,KCM,RP,29,KCM_1179,KCM_RP,R,R,5,0.233,0.52,5.3,0.999,0.321,0.085,0.235,0.008,0.035,0.095,0.655,0.215,0.035,0.455,0.275,0.185,0.085
1180,KCM,RP,22,KCM_1180,KCM_RP,R,R,5,0.167,0.17,3.6,0.999,0.268,0.085,0.235,0.008,0.035,0.095,0.655,0.215,0.035,0.455,0.275,0.185,0.085
1181,KCM,RP,29,KCM_1181,KCM_RP,R,R,4,0.286,0.63,6.8,0.999,0.36,0.085,0.235,0.008,0.035,0.095,0.655,0.215,0.035,0.455,0.275,0.185,0.085
1182,LAP,CF,34,LAP_1182,LAP_CF,L,R,2,0.197,-0.31,6.9,0.999,0.237,0.085,0.235,0.008,0.035,0.095,0.655,0.215,0.035,0.455,0.275,0.185,0.085
1183,LAP,DH,29,LAP_1183,LAP_DH,L,R,5,0.31,-0.46,8.1,0.999,0.338,0.085,0.235,0.008,0.035,0.095,0.655,0.215,0.035,0.455,0.275,0.185,0.085
1184,LAP,LF,31,LAP_1184,LAP_LF,R,R,5,0.272,0.26,4.4,0.999,0.226,0.085,0.235,0.008,0.035,0.095,0.655,0.215,0.035,0.455,0.275,0.185,0.085
1185,LAP,1B,34,LAP_1185,LAP_1B,L,R,5,0.282,-0.78,4.1,0.999,0.353,0.085,0.235,0.008,0.035,0.095,0.655,0.215,0.035,0.455,0.275,0.185,0.085
1186,LAP,C,29,LAP_1186,LAP_C,R,R,4,0.248,0.69,3.2,0.999,0.26,0.085,0.235,0.008,0.035,0.095,0.655,0.215,0.035,0.455,0.275,0.185,0.085
1187,LAP,SS,31,LAP_1187,LAP_SS,R,R,1,0.289,-0.06,6.3,0.999,0.281,0.085,0.235,0.008,0.035,0.095,0.655,0.215,0.035,0.455,0.275,0.185,0.085
1188,LAP,2B,26,LAP_1188,LAP_2B,L,R,1,0.251,0.84,4.3,0.999,0.266,0.085,0.235,0.008,0.035,0.095,0.655,0.215,0.035,0.455,0.275,0.185,0.085
1189,LAP,RF,23,LAP_1189,LAP_RF,R,R,2,0.248,-0.28,3.3,0.999,0.244,0.085,0.235,0.008,0.035,0.095,0.655,0.215,0.035,0.455,0.275,0.185,0.085
1190,LAP,3B,32,LAP_1190,LAP_3B,R,R,3,0.229,0.93,1.6,0.999,0.297,0.085,0.235,0.008,0.035,0.095,0.655,0.215,0.035,0.455,0.275,0.185,0.085
1191,LAP,3B,33,LAP_1191,LAP_3B,L,R,3,0.232,-0.66,3,0.999,0.261,0.085,0.235,0.008,0.035,0.095,0.655,0.215,0.035,0.455,0.275,0.185,0.085
1192,LAP,LF,33,LAP_1192,LAP_LF,R,R,2,0.202,-0.1,5.3,0.999,0.337,0.085,0.235,0.008,0.035,0.095,0.655,0.215,0.035,0.455,0.275,0.185,0.085
1193,LAP,C,34,LAP_1193,LAP_C,R,R,1,0.264,0.61,3.6,0.999,0.235,0.085,0.235,0.008,0.035,0.095,0.655,0.215,0.035,0.455,0.275,0.185,0.085
1194,LAP,CF,29,LAP_1194,LAP_CF,B,R,2,0.237,0.24,6.8,0.999,0.355,0.085,0.235,0.008,0.035,0.095,0.655,0.215,0.035,0.455,0.275,0.185,0.085
1195,LAP,SP,28,LAP_1195,LAP_SP,R,R,4,0.183,-0.27,6.9,0.999,0.25,0.085,0.235,0.008,0.035,0.095,0.655,0.215,0.035,0.455,0.275,0.185,0.085
1196,LAP,SP,29,LAP_1196,LAP_SP,R,R,5,0.235,0.05,8.1,0.999,0.3,0.085,0.235,0.008,0.035,0.095,0.655,0.215,0.035,0.455,0.275,0.185,0.085
1197,LAP,SP,25,LAP_1197,LAP_SP,R,R,2,0.226,-0.15,4.4,0.999,0.232,0.085,0.235,0.008,0.035,0.095,0.655,0.215,0.035,0.455,0.275,0.185,0.085
1198,LAP,SP,36,LAP_1198,LAP_SP,R,R,5,0.193,-0.15,4.1,0.999,0.269,0.085,0.235,0.008,0.035,0.095,0.655,0.215,0.035,0.455,0.275,0.185,0.085
1199,LAP,SP,29,LAP_1199,LAP_SP,R,R,3,0.229,0.29,3.2,0.999,0.321,0.085,0.235,0.008,0.035,0.095,0.655,0.215,0.035,0.455,0.275,0.185,0.085
1200,LAP,RP,30,LAP_1200,LAP_RP,L,L,4,0.233,0.71,6.3,0.999,0.253,0.085,0.235,0.008,0.035,0.095,0.655,0.215,0.035,0.455,0.275,0.185,0.085
1201,LAP,RP,26,LAP_1201,LAP_RP,L,R,1,0.219,0.54,4.3,0.999,0.309,0.085,0.235,0.008,0.035,0.095,0.655,0.215,0.035,0.455,0.275,0.185,0.085
1202,LAP,RP,36,LAP_1202,LAP_RP,R,R,4,0.21,-0.27,3.3,0.999,0.279,0.085,0.235,0.008,0.035,0.095,0.655,0.215,0.035,0.455,0.275,0.185,0.085
1203,LAP,RP,25,LAP_1203,LAP_RP,R,R,3,0.273,0.22,1.6,0.999,0.365,0.085,0.235,0.008,0.035,0.095,0.655,0.215,0.035,0.455,0.275,0.185,0.085
1204,LAP,RP,37,LAP_1204,LAP_RP,R,R,5,0.197,-0.47,3,0.999,0.31,0.085,0.235,0.008,0.035,0.095,0.655,0.215,0.035,0.455,0.275,0.185,0.085
1205,LAP,RP,29,LAP_1205,LAP_RP,R,R,5,0.233,0.52,5.3,0.999,0.276,0.085,0.235,0.008,0.035,0.095,0.655,0.215,0.035,0.455,0.275,0.185,0.085
1206,LAP,RP,22,LAP_1206,LAP_RP,R,R,5,0.167,0.17,3.6,0.999,0.338,0.085,0.235,0.008,0.035,0.095,0.655,0.215,0.035,0.455,0.275,0.185,0.085
1207,LAP,RP,29,LAP_1207,LAP_RP,R,R,4,0.286,0.63,6.8,0.999,0.228,0.085,0.235,0.008,0.035,0.095,0.655,0.215,0.035,0.455,0.275,0.185,0.085
1208,NYC,CF,34,NYC_1208,NYC_CF,L,R,2,0.197,-0.31,6.9,0.999,0.256,0.085,0.235,0.008,0.035,0.095,0.655,0.215,0.035,0.455,0.275,0.185,0.085
1209,NYC,DH,29,NYC_1209,NYC_DH,L,R,5,0.31,-0.46,8.1,0.999,0.365,0.085,0.235,0.008,0.035,0.095,0.655,0.215,0.035,0.455,0.275,0.185,0.085
1210,NYC,LF,31,NYC_1210,NYC_LF,R,R,5,0.272,0.26,4.4,0.999,0.343,0.085,0.235,0.008,0.035,0.095,0.655,0.215,0.035,0.455,0.275,0.185,0.085
1211,NYC,1B,34,NYC_1211,NYC_1B,L,R,5,0.282,-0.78,4.1,0.999,0.338,0.085,0.235,0.008,0.035,0.095,0.655,0.215,0.035,0.455,0.275,0.185,0.085
1212,NYC,C,29,NYC_1212,NYC_C,R,R,4,0.248,0.69,3.2,0.999,0.299,0.085,0.235,0.008,0.035,0.095,0.655,0.215,0.035,0.455,0.275,0.185,0.085
1213,NYC,SS,31,NYC_1213,NYC_SS,R,R,1,0.289,-0.06,6.3,0.999,0.365,0.085,0.235,0.008,0.035,0.095,0.655,0.215,0.035,0.455,0.275,0.185,0.085
1214,NYC,2B,26,NYC_1214,NYC_2B,L,R,1,0.251,0.84,4.3,0.999,0.254,0.085,0.235,0.008,0.035,0.095,0.655,0.215,0.035,0.455,0.275,0.185,0.085
1215,NYC,RF,23,NYC_1215,NYC_RF,R,R,2,0.248,-0.28,3.3,0.999,0.339,0.085,0.235,0.008,0.035,0.095,0.655,0.215,0.035,0.455,0.275,0.185,0.085
1216,NYC,3B,32,NYC_1216,NYC_3B,R,R,3,0.229,0.93,1.6,0.999,0.282,0.085,0.235,0.008,0.035,0.095,0.655,0.215,0.035,0.455,0.275,0.185,0.085
1217,NYC,3B,33,NYC_1217,NYC_3B,L,R,3,0.232,-0.66,3,0.999,0.242,0.085,0.235,0.008,0.035,0.095,0.655,0.215,0.035,0.455,0.275,0.185,0.085
1218,NYC,LF,33,NYC_1218,NYC_LF,R,R,2,0.202,-0.1,5.3,0.999,0.273,0.085,0.235,0.008,0.035,0.095,0.655,0.215,0.035,0.455,0.275,0.185,0.085
1219,NYC,C,34,NYC_1219,NYC_C,R,R,1,0.264,0.61,3.6,0.999,0.329,0.085,0.235,0.008,0.035,0.095,0.655,0.215,0.035,0.455,0.275,0.185,0.085
1220,NYC,CF,29,NYC_1220,NYC_CF,B,R,2,0.237,0.24,6.8,0.999,0.356,0.085,0.235,0.008,0.035,0.095,0.655,0.215,0.035,0.455,0.275,0.185,0.085
1221,NYC,SP,28,NYC_1221,NYC_SP,R,R,4,0.183,-0.27,6.9,0.999,0.317,0.085,0.235,0.008,0.035,0.095,0.655,0.215,0.035,0.455,0.275,0.185,0.085
1222,NYC,SP,29,NYC_1222,NYC_SP,R,R,5,0.235,0.05,8.1,0.999,0.314,0.085,0.235,0.008,0.035,0.095,0.655,0.215,0.035,0.455,0.275,0.185,0.085
1223,NYC,SP,25,NYC_1223,NYC_SP,R,R,2,0.226,-0.15,4.4,0.999,0.256,0.085,0.235,0.008,0.035,0.095,0.655,0.215,0.035,0.455,0.275,0.185,0.085
1224,NYC,SP,36,NYC_1224,NYC_SP,R,R,5,0.193,-0.15,4.1,0.999,0.357,0.085,0.235,0.008,0.035,0.095,0.655,0.215,0.035,0.455,0.275,0.185,0.085
1225,NYC,SP,29,NYC_1225,NYC_SP,R,R,3,0.229,0.29,3.2,0.999,0.249,0.085,0.235,0.008,0.035,0.095,0.655,0.215,0.035,0.455,0.275,0.185,0.085
1226,NYC,RP,30,NYC_1226,NYC_RP,L,L,4,0.233,0.71,6.3,0.999,0.274,0.085,0.235,0.008,0.035,0.095,0.655,0.215,0.035,0.455,0.275,0.185,0.085
1227,NYC,RP,26,NYC_1227,NYC_RP,L,R,1,0.219,0.54,4.3,0.999,0.248,0.085,0.235,0.008,0.035,0.095,0.655,0.215,0.035,0.455,0.275,0.185,0.085
1228,NYC,RP,36,NYC_1228,NYC_RP,R,R,4,0.21,-0.27,3.3,0.999,0.275,0.085,0.235,0.008,0.035,0.095,0.655,0.215,0.035,0.455,0.275,0.185,0.085
1229,NYC,RP,25,NYC_1229,NYC_RP,R,R,3,0.273,0.22,1.6,0.999,0.295,0.085,0.235,0.008,0.035,0.095,0.655,0.215,0.035,0.455,0.275,0.185,0.085
1230,NYC,RP,37,NYC_1230,NYC_RP,R,R,5,0.197,-0.47,3,0.999,0.312,0.085,0.235,0.008,0.035,0.095,0.655,0.215,0.035,0.455,0.275,0.185,0.085
1231,NYC,RP,29,NYC_1231,NYC_RP,R,R,5,0.233,0.52,5.3,0.999,0.306,0.085,0.235,0.008,0.035,0.095,0.655,0.215,0.035,0.455,0.275,0.185,0.085
1232,NYC,RP,22,NYC_1232,NYC_RP,R,R,5,0.167,0.17,3.6,0.999,0.363,0.085,0.235,0.008,0.035,0.095,0.655,0.215,0.035,0.455,0.275,0.185,0.085
1233,NYC,RP,29,NYC_1233,NYC_RP,R,R,4,0.286,0.63,6.8,0.999,0.254,0.085,0.235,0.008,0.035,0.095,0.655,0.215,0.035,0.455,0.275,0.185,0.085
1234,OAK,CF,34,OAK_1234,OAK_CF,L,R,2,0.197,-0.31,6.9,0.999,0.359,0.085,0.235,0.008,0.035,0.095,0.655,0.215,0.035,0.455,0.275,0.185,0.085
1235,OAK,DH,29,OAK_1235,OAK_DH,L,R,5,0.31,-0.46,8.1,0.999,0.227,0.085,0.235,0.008,0.035,0.095,0.655,0.215,0.035,0.455,0.275,0.185,0.085
1236,OAK,LF,31,OAK_1236,OAK_LF,R,R,5,0.272,0.26,4.4,0.999,0.374,0.085,0.235,0.008,0.035,0.095,0.655,0.215,0.035,0.455,0.275,0.185,0.085
1237,OAK,1B,34,OAK_1237,OAK_1B,L,R,5,0.282,-0.78,4.1,0.999,0.321,0.085,0.235,0.008,0.035,0.095,0.655,0.215,0.035,0.455,0.275,0.185,0.085
1238,OAK,C,29,OAK_1238,OAK_C,R,R,4,0.248,0.69,3.2,0.999,0.253,0.085,0.235,0.008,0.035,0.095,0.655,0.215,0.035,0.455,0.275,0.185,0.085
1239,OAK,SS,31,OAK_1239,OAK_SS,R,R,1,0.289,-0.06,6.3,0.999,0.295,0.085,0.235,0.008,0.035,0.095,0.655,0.215,0.035,0.455,0.275,0.185,0.085
1240,OAK,2B,26,OAK_1240,OAK_2B,L,R,1,0.251,0.84,4.3,0.999,0.259,0.085,0.235,0.008,0.035,0.095,0.655,0.215,0.035,0.455,0.275,0.185,0.085
1241,OAK,RF,23,OAK_1241,OAK_RF,R,R,2,0.248,-0.28,3.3,0.999,0.366,0.085,0.235,0.008,0.035,0.095,0.655,0.215,0.035,0.455,0.275,0.185,0.085
1242,OAK,3B,32,OAK_1242,OAK_3B,R,R,3,0.229,0.93,1.6,0.999,0.309,0.085,0.235,0.008,0.035,0.095,0.655,0.215,0.035,0.455,0.275,0.185,0.085
1243,OAK,3B,33,OAK_1243,OAK_3B,L,R,3,0.232,-0.66,3,0.999,0.366,0.085,0.235,0.008,0.035,0.095,0.655,0.215,0.035,0.455,0.275,0.185,0.085
1244,OAK,LF,33,OAK_1244,OAK_LF,R,R,2,0.202,-0.1,5.3,0.999,0.274,0.085,0.235,0.008,0.035,0.095,0.655,0.215,0.035,0.455,0.275,0.185,0.085
1245,OAK,C,34,OAK_1245,OAK_C,R,R,1,0.264,0.61,3.6,0.999,0.266,0.085,0.235,0.008,0.035,0.095,0.655,0.215,0.035,0.455,0.275,0.185,0.085
1246,OAK,CF,29,OAK_1246,OAK_CF,B,R,2,0.237,0.24,6.8,0.999,0.318,0.085,0.235,0.008,0.035,0.095,0.655,0.215,0.035,0.455,0.275,0.185,0.085
1247,OAK,SP,28,OAK_1247,OAK_SP,R,R,4,0.183,-0.27,6.9,0.999,0.323,0.085,0.235,0.008,0.035,0.095,0.655,0.215,0.035,0.455,0.275,0.185,0.085
1248,OAK,SP,29,OAK_1248,OAK_SP,R,R,5,0.235,0.05,8.1,0.999,0.289,0.085,0.235,0.008,0.035,0.095,0.655,0.215,0.035,0.455,0.275,0.185,0.085
1249,OAK,SP,25,OAK_1249,OAK_SP,R,R,2,0.226,-0.15,4.4,0.999,0.231,0.085,0.235,0.008,0.035,0.095,0.655,0.215,0.035,0.455,0.275,0.185,0.085
1250,OAK,SP,36,OAK_1250,OAK_SP,R,R,5,0.193,-0.15,4.1,0.999,0.345,0.085,0.235,0.008,0.035,0.095,0.655,0.215,0.035,0.455,0.275,0.185,0.085
1251,OAK,SP,29,OAK_1251,OAK_SP,R,R,3,0.229,0.29,3.2,0.999,0.315,0.085,0.235,0.008,0.035,0.095,0.655,0.215,0.035,0.455,0.275,0.185,0.085
1252,OAK,RP,30,OAK_1252,OAK_RP,L,L,4,0.233,0.71,6.3,0.999,0.32,0.085,0.235,0.008,0.035,0.095,0.655,0.215,0.035,0.455,0.275,0.185,0.085
1253,OAK,RP,26,OAK_1253,OAK_RP,L,R,1,0.219,0.54,4.3,0.999,0.29,0.085,0.235,0.008,0.035,0.095,0.655,0.215,0.035,0.455,0.275,0.185,0.085
1254,OAK,RP,36,OAK_1254,OAK_RP,R,R,4,0.21,-0.27,3.3,0.999,0.235,0.085,0.235,0.008,0.035,0.095,0.655,0.215,0.035,0.455,0.275,0.185,0.085
1255,OAK,RP,25,OAK_1255,OAK_RP,R,R,3,0.273,0.22,1.6,0.999,0.254,0.085,0.235,0.008,0.035,0.095,0.655,0.215,0.035,0.455,0.275,0.185,0.085
1256,OAK,RP,37,OAK_1256,OAK_RP,R,R,5,0.197,-0.47,3,0.999,0.311,0.085,0.235,0.008,0.035,0.095,0.655,0.215,0.035,0.455,0.275,0.185,0.085
1257,OAK,RP,29,OAK_1257,OAK_RP,R,R,5,0.233,0.52,5.3,0.999,0.303,0.085,0.235,0.008,0.035,0.095,0.655,0.215,0.035,0.455,0.275,0.185,0.085
1258,OAK,RP,22,OAK_1258,OAK_RP,R,R,5,0.167,0.17,3.6,0.999,0.235,0.085,0.235,0.008,0.035,0.095,0.655,0.215,0.035,0.455,0.275,0.185,0.085
1259,OAK,RP,29,OAK_1259,OAK_RP,R,R,4,0.286,0.63,6.8,0.999,0.291,0.085,0.235,0.008,0.035,0.095,0.655,0.215,0.035,0.455,0.275,0.185,0.085
1260,OKC,CF,34,OKC_1260,OKC_CF,L,R,2,0.197,-0.31,6.9,0.999,0.357,0.085,0.235,0.008,0.035,0.095,0.655,0.215,0.035,0.455,0.275,0.185,0.085
1261,OKC,DH,29,OKC_1261,OKC_DH,L,R,5,0.31,-0.46,8.1,0.999,0.262,0.085,0.235,0.008,0.035,0.095,0.655,0.215,0.035,0.455,0.275,0.185,0.085
1262,OKC,LF,31,OKC_1262,OKC_LF,R,R,5,0.272,0.26,4.4,0.999,0.336,0.085,0.235,0.008,0.035,0.095,0.655,0.215,0.035,0.455,0.275,0.185,0.085
1263,OKC,1B,34,OKC_1263,OKC_1B,L,R,5,0.282,-0.78,4.1,0.999,0.264,0.085,0.235,0.008,0.035,0.095,0.655,0.215,0.035,0.455,0.275,0.185,0.085
1264,OKC,C,29,OKC_1264,OKC_C,R,R,4,0.248,0.69,3.2,0.999,0.307,0.085,0.235,0.008,0.035,0.095,0.655,0.215,0.035,0.455,0.275,0.185,0.085
1265,OKC,SS,31,OKC_1265,OKC_SS,R,R,1,0.289,-0.06,6.3,0.999,0.328,0.085,0.235,0.008,0.035,0.095,0.655,0.215,0.035,0.455,0.275,0.185,0.085
1266,OKC,2B,26,OKC_1266,OKC_2B,L,R,1,0.251,0.84,4.3,0.999,0.287,0.085,0.235,0.008,0.035,0.095,0.655,0.215,0.035,0.455,0.275,0.185,0.085
1267,OKC,RF,23,OKC_1267,OKC_RF,R,R,2,0.248,-0.28,3.3,0.999,0.239,0.085,0.235,0.008,0.035,0.095,0.655,0.215,0.035,0.455,0.275,0.185,0.085
1268,OKC,3B,32,OKC_1268,OKC_3B,R,R,3,0.229,0.93,1.6,0.999,0.361,0.085,0.235,0.008,0.035,0.095,0.655,0.215,0.035,0.455,0.275,0.185,0.085
1269,OKC,3B,33,OKC_1269,OKC_3B,L,R,3,0.232,-0.66,3,0.999,0.331,0.085,0.235,0.008,0.035,0.095,0.655,0.215,0.035,0.455,0.275,0.185,0.085
1270,OKC,LF,33,OKC_1270,OKC_LF,R,R,2,0.202,-0.1,5.3,0.999,0.271,0.085,0.235,0.008,0.035,0.095,0.655,0.215,0.035,0.455,0.275,0.185,0.085
1271,OKC,C,34,OKC_1271,OKC_C,R,R,1,0.264,0.61,3.6,0.999,0.34,0.085,0.235,0.008,0.035,0.095,0.655,0.215,0.035,0.455,0.275,0.185,0.085
1272,OKC,CF,29,OKC_1272,OKC_CF,B,R,2,0.237,0.24,6.8,0.999,0.293,0.085,0.235,0.008,0.035,0.095,0.655,0.215,0.035,0.455,0.275,0.185,0.085
1273,OKC,SP,28,OKC_1273,OKC_SP,R,R,4,0.183,-0.27,6.9,0.999,0.328,0.085,0.235,0.008,0.035,0.095,0.655,0.215,0.035,0.455,0.275,0.185,0.085
1274,OKC,SP,29,OKC_1274,OKC_SP,R,R,5,0.235,0.05,8.1,0.999,0.307,0.085,0.235,0.008,0.035,0.095,0.655,0.215,0.035,0.455,0.275,0.185,0.085
1275,OKC,SP,25,OKC_1275,OKC_SP,R,R,2,0.226,-0.15,4.4,0.999,0.309,0.085,0.235,0.008,0.035,0.095,0.655,0.215,0.035,0.455,0.275,0.185,0.085
1276,OKC,SP,36,OKC_1276,OKC_SP,R,R,5,0.193,-0.15,4.1,0.999,0.295,0.085,0.235,0.008,0.035,0.095,0.655,0.215,0.035,0.455,0.275,0.185,0.085
1277,OKC,SP,29,OKC_1277,OKC_SP,R,R,3,0.229,0.29,3.2,0.999,0.292,0.085,0.235,0.008,0.035,0.095,0.655,0.215,0.035,0.455,0.275,0.185,0.085
1278,OKC,RP,30,OKC_1278,OKC_RP,L,L,4,0.233,0.71,6.3,0.999,0.228,0.085,0.235,0.008,0.035,0.095,0.655,0.215,0.035,0.455,0.275,0.185,0.085
1279,OKC,RP,26,OKC_1279,OKC_RP,L,R,1,0.219,0.54,4.3,0.999,0.295,0.085,0.235,0.008,0.035,0.095,0.655,0.215,0.035,0.455,0.275,0.185,0.085
1280,OKC,RP,36,OKC_1280,OKC_RP,R,R,4,0.21,-0.27,3.3,0.999,0.348,0.085,0.235,0.008,0.035,0.095,0.655,0.215,0.035,0.455,0.275,0.185,0.085
1281,OKC,RP,25,OKC_1281,OKC_RP,R,R,3,0.273,0.22,1.6,0.999,0.309,0.085,0.235,0.008,0.035,0.095,0.655,0.215,0.035,0.455,0.275,0.185,0.085
1282,OKC,RP,37,OKC_1282,OKC_RP,R,R,5,0.197,-0.47,3,0.999,0.257,0.085,0.235,0.008,0.035,0.095,0.655,0.215,0.035,0.455,0.275,0.185,0.085
1283,OKC,RP,29,OKC_1283,OKC_RP,R,R,5,0.233,0.52,5.3,0.999,0.367,0.085,0.235,0.008,0.035,0.095,0.655,0.215,0.035,0.455,0.275,0.185,0.085
1284,OKC,RP,22,OKC_1284,OKC_RP,R,R,5,0.167,0.17,3.6,0.999,0.235,0.085,0.235,0.008,0.035,0.095,0.655,0.215,0.035,0.455,0.275,0.185,0.085
1285,OKC,RP,29,OKC_1285,OKC_RP,R,R,4,0.286,0.63,6.8,0.999,0.373,0.085,0.235,0.008,0.035,0.095,0.655,0.215,0.035,0.455,0.275,0.185,0.085
1286,PHI,CF,34,PHI_1286,PHI_CF,L,R,2,0.197,-0.31,6.9,0.999,0.237,0.085,0.235,0.008,0.035,0.095,0.655,0.215,0.035,0.455,0.275,0.185,0.085
1287,PHI,DH,29,PHI_1287,PHI_DH,L,R,5,0.31,-0.46,8.1,0.999,0.227,0.085,0.235,0.008,0.035,0.095,0.655,0.215,0.035,0.455,0.275,0.185,0.085
1288,PHI,LF,31,PHI_1288,PHI_LF,R,R,5,0.272,0.26,4.4,0.999,0.364,0.085,0.235,0.008,0.035,0.095,0.655,0.215,0.035,0.455,0.275,0.185,0.085
1289,PHI,1B,34,PHI_1289,PHI_1B,L,R,5,0.282,-0.78,4.1,0.999,0.246,0.085,0.235,0.008,0.035,0.095,0.655,0.215,0.035,0.455,0.275,0.185,0.085
1290,PHI,C,29,PHI_1290,PHI_C,R,R,4,0.248,0.69,3.2,0.999,0.297,0.085,0.235,0.008,0.035,0.095,0.655,0.215,0.035,0.455,0.275,0.185,0.085
1291,PHI,SS,31,PHI_1291,PHI_SS,R,R,1,0.289,-0.06,6.3,0.999,0.244,0.085,0.235,0.008,0.035,0.095,0.655,0.215,0.035,0.455,0.275,0.185,0.085
1292,PHI,2B,26,PHI_1292,PHI_2B,L,R,1,0.251,0.84,4.3,0.999,0.258,0.085,0.235,0.008,0.035,0.095,0.655,0.215,0.035,0.455,0.275,0.185,0.085
1293,PHI,RF,23,PHI_1293,PHI_RF,R,R,2,0.248,-0.28,3.3,0.999,0.231,0.085,0.235,0.008,0.035,0.095,0.655,0.215,0.035,0.455,0.275,0.185,0.085
1294,PHI,3B,32,PHI_1294,PHI_3B,R,R,3,0.229,0.93,1.6,0.999,0.353,0.085,0.235,0.008,0.035,0.095,0.655,0.215,0.035,0.455,0.275,0.185,0.085
1295,PHI,3B,33,PHI_1295,PHI_3B,L,R,3,0.232,-0.66,3,0.999,0.305,0.085,0.235,0.008,0.035,0.095,0.655,0.215,0.035,0.455,0.275,0.185,0.085
1296,PHI,LF,33,PHI_1296,PHI_LF,R,R,2,0.202,-0.1,5.3,0.999,0.363,0.085,0.235,0.008,0.035,0.095,0.655,0.215,0.035,0.455,0.275,0.185,0.085
1297,PHI,C,34,PHI_1297,PHI_C,R,R,1,0.264,0.61,3.6,0.999,0.244,0.085,0.235,0.008,0.035,0.095,0.655,0.215,0.035,0.455,0.275,0.185,0.085
1298,PHI,CF,29,PHI_1298,PHI_CF,B,R,2,0.237,0.24,6.8,0.999,0.228,0.085,0.235,0.008,0.035,0.095,0.655,0.215,0.035,0.455,0.275,0.185,0.085
1299,PHI,SP,28,PHI_1299,PHI_SP,R,R,4,0.183,-0.27,6.9,0.999,0.275,0.085,0.235,0.008,0.035,0.095,0.655,0.215,0.035,0.455,0.275,0.185,0.085
1300,PHI,SP,29,PHI_1300,PHI_SP,R,R,5,0.235,0.05,8.1,0.999,0.227,0.085,0.235,0.008,0.035,0.095,0.655,0.215,0.035,0.455,0.275,0.185,0.085
1301,PHI,SP,25,PHI_1301,PHI_SP,R,R,2,0.226,-0.15,4.4,0.999,0.265,0.085,0.235,0.008,0.035,0.095,0.655,0.215,0.035,0.455,0.275,0.185,0.085
1302,PHI,SP,36,PHI_1302,PHI_SP,R,R,5,0.193,-0.15,4.1,0.999,0.364,0.085,0.235,0.008,0.035,0.095,0.655,0.215,0.035,0.455,0.275,0.185,0.085
1303,PHI,SP,29,PHI_1303,PHI_SP,R,R,3,0.229,0.29,3.2,0.999,0.244,0.085,0.235,0.008,0.035,0.095,0.655,0.215,0.035,0.455,0.275,0.185,0.085
1304,PHI,RP,30,PHI_1304,PHI_RP,L,L,4,0.233,0.71,6.3,0.999,0.276,0.085,0.235,0.008,0.035,0.095,0.655,0.215,0.035,0.455,0.275,0.185,0.085
1305,PHI,RP,26,PHI_1305,PHI_RP,L,R,1,0.219,0.54,4.3,0.999,0.299,0.085,0.235,0.008,0.035,0.095,0.655,0.215,0.035,0.455,0.275,0.185,0.085
1306,PHI,RP,36,PHI_1306,PHI_RP,R,R,4,0.21,-0.27,3.3,0.999,0.238,0.085,0.235,0.008,0.035,0.095,0.655,0.215,0.035,0.455,0.275,0.185,0.085
1307,PHI,RP,25,PHI_1307,PHI_RP,R,R,3,0.273,0.22,1.6,0.999,0.363,0.085,0.235,0.008,0.035,0.095,0.655,0.215,0.035,0.455,0.275,0.185,0.085
1308,PHI,RP,37,PHI_1308,PHI_RP,R,R,5,0.197,-0.47,3,0.999,0.242,0.085,0.235,0.008,0.035,0.095,0.655,0.215,0.035,0.455,0.275,0.185,0.085
1309,PHI,RP,29,PHI_1309,PHI_RP,R,R,5,0.233,0.52,5.3,0.999,0.256,0.085,0.235,0.008,0.035,0.095,0.655,0.215,0.035,0.455,0.275,0.185,0.085
1310,PHI,RP,22,PHI_1310,PHI_RP,R,R,5,0.167,0.17,3.6,0.999,0.316,0.085,0.235,0.008,0.035,0.095,0.655,0.215,0.035,0.455,0.275,0.185,0.085
1311,PHI,RP,29,PHI_1311,PHI_RP,R,R,4,0.286,0.63,6.8,0.999,0.273,0.085,0.235,0.008,0.035,0.095,0.655,0.215,0.035,0.455,0.275,0.185,0.085
1312,PIT,CF,34,PIT_1312,PIT_CF,L,R,2,0.197,-0.31,6.9,0.999,0.272,0.085,0.235,0.008,0.035,0.095,0.655,0.215,0.035,0.455,0.275,0.185,0.085
1313,PIT,DH,29,PIT_1313,PIT_DH,L,R,5,0.31,-0.46,8.1,0.999,0.269,0.085,0.235,0.008,0.035,0.095,0.655,0.215,0.035,0.455,0.275,0.185,0.085
1314,PIT,LF,31,PIT_1314,PIT_LF,R,R,5,0.272,0.26,4.4,0.999,0.332,0.085,0.235,0.008,0.035,0.095,0.655,0.215,0.035,0.455,0.275,0.185,0.085
1315,PIT,1B,34,PIT_1315,PIT_1B,L,R,5,0.282,-0.78,4.1,0.999,0.372,0.085,0.235,0.008,0.035,0.095,0.655,0.215,0.035,0.455,0.275,0.185,0.085
1316,PIT,C,29,PIT_1316,PIT_C,R,R,4,0.248,0.69,3.2,0.999,0.29,0.085,0.235,0.008,0.035,0.095,0.655,0.215,0.035,0.455,0.275,0.185,0.085
1317,PIT,SS,31,PIT_1317,PIT_SS,R,R,1,0.289,-0.06,6.3,0.999,0.299,0.085,0.235,0.008,0.035,0.095,0.655,0.215,0.035,0.455,0.275,0.185,0.085
1318,PIT,2B,26,PIT_1318,PIT_2B,L,R,1,0.251,0.84,4.3,0.999,0.296,0.085,0.235,0.008,0.035,0.095,0.655,0.215,0.035,0.455,0.275,0.185,0.085
1319,PIT,RF,23,PIT_1319,PIT_RF,R,R,2,0.248,-0.28,3.3,0.999,0.288,0.085,0.235,0.008,0.035,0.095,0.655,0.215,0.035,0.455,0.275,0.185,0.085
1320,PIT,3B,32,PIT_1320,PIT_3B,R,R,3,0.229,0.93,1.6,0.999,0.364,0.085,0.235,0.008,0.035,0.095,0.655,0.215,0.035,0.455,0.275,0.185,0.085
1321,PIT,3B,33,PIT_1321,PIT_3B,L,R,3,0.232,-0.66,3,0.999,0.289,0.085,0.235,0.008,0.035,0.095,0.655,0.215,0.035,0.455,0.275,0.185,0.085
1322,PIT,LF,33,PIT_1322,PIT_LF,R,R,2,0.202,-0.1,5.3,0.999,0.291,0.085,0.235,0.008,0.035,0.095,0.655,0.215,0.035,0.455,0.275,0.185,0.085
1323,PIT,C,34,PIT_1323,PIT_C,R,R,1,0.264,0.61,3.6,0.999,0.284,0.085,0.235,0.008,0.035,0.095,0.655,0.215,0.035,0.455,0.275,0.185,0.085
1324,PIT,CF,29,PIT_1324,PIT_CF,B,R,2,0.237,0.24,6.8,0.999,0.316,0.085,0.235,0.008,0.035,0.095,0.655,0.215,0.035,0.455,0.275,0.185,0.085
1325,PIT,SP,28,PIT_1325,PIT_SP,R,R,4,0.183,-0.27,6.9,0.999,0.363,0.085,0.235,0.008,0.035,0.095,0.655,0.215,0.035,0.455,0.275,0.185,0.085
1326,PIT,SP,29,PIT_1326,PIT_SP,R,R,5,0.235,0.05,8.1,0.999,0.264,0.085,0.235,0.008,0.035,0.095,0.655,0.215,0.035,0.455,0.275,0.185,0.085
1327,PIT,SP,25,PIT_1327,PIT_SP,R,R,2,0.226,-0.15,4.4,0.999,0.25,0.085,0.235,0.008,0.035,0.095,0.655,0.215,0.035,0.455,0.275,0.185,0.085
1328,PIT,SP,36,PIT_1328,PIT_SP,R,R,5,0.193,-0.15,4.1,0.999,0.337,0.085,0.235,0.008,0.035,0.095,0.655,0.215,0.035,0.455,0.275,0.185,0.085
1329,PIT,SP,29,PIT_1329,PIT_SP,R,R,3,0.229,0.29,3.2,0.999,0.362,0.085,0.235,0.008,0.035,0.095,0.655,0.215,0.035,0.455,0.275,0.185,0.085
1330,PIT,RP,30,PIT_1330,PIT_RP,L,L,4,0.233,0.71,6.3,0.999,0.225,0.085,0.235,0.008,0.035,0.095,0.655,0.215,0.035,0.455,0.275,0.185,0.085
1331,PIT,RP,26,PIT_1331,PIT_RP,L,R,1,0.219,0.54,4.3,0.999,0.341,0.085,0.235,0.008,0.035,0.095,0.655,0.215,0.035,0.455,0.275,0.185,0.085
1332,PIT,RP,36,PIT_1332,PIT_RP,R,R,4,0.21,-0.27,3.3,0.999,0.241,0.085,0.235,0.008,0.035,0.095,0.655,0.215,0.035,0.455,0.275,0.185,0.085
1333,PIT,RP,25,PIT_1333,PIT_RP,R,R,3,0.273,0.22,1.6,0.999,0.327,0.085,0.235,0.008,0.035,0.095,0.655,0.215,0.035,0.455,0.275,0.185,0.085
1334,PIT,RP,37,PIT_1334,PIT_RP,R,R,5,0.197,-0.47,3,0.999,0.269,0.085,0.235,0.008,0.035,0.095,0.655,0.215,0.035,0.455,0.275,0.185,0.085
1335,PIT,RP,29,PIT_1335,PIT_RP,R,R,5,0.233,0.52,5.3,0.999,0.353,0.085,0.235,0.008,0.035,0.095,0.655,0.215,0.035,0.455,0.275,0.185,0.085
1336,PIT,RP,22,PIT_1336,PIT_RP,R,R,5,0.167,0.17,3.6,0.999,0.365,0.085,0.235,0.008,0.035,0.095,0.655,0.215,0.035,0.455,0.275,0.185,0.085
1337,PIT,RP,29,PIT_1337,PIT_RP,R,R,4,0.286,0.63,6.8,0.999,0.274,0.085,0.235,0.008,0.035,0.095,0.655,0.215,0.035,0.455,0.275,0.185,0.085
1338,SDT,CF,34,SDT_1338,SDT_CF,L,R,2,0.197,-0.31,6.9,0.999,0.241,0.085,0.235,0.008,0.035,0.095,0.655,0.215,0.035,0.455,0.275,0.185,0.085
1339,SDT,DH,29,SDT_1339,SDT_DH,L,R,5,0.31,-0.46,8.1,0.999,0.355,0.085,0.235,0.008,0.035,0.095,0.655,0.215,0.035,0.455,0.275,0.185,0.085
1340,SDT,LF,31,SDT_1340,SDT_LF,R,R,5,0.272,0.26,4.4,0.999,0.268,0.085,0.235,0.008,0.035,0.095,0.655,0.215,0.035,0.455,0.275,0.185,0.085
1341,SDT,1B,34,SDT_1341,SDT_1B,L,R,5,0.282,-0.78,4.1,0.999,0.304,0.085,0.235,0.008,0.035,0.095,0.655,0.215,0.035,0.455,0.275,0.185,0.085
1342,SDT,C,29,SDT_1342,SDT_C,R,R,4,0.248,0.69,3.2,0.999,0.301,0.085,0.235,0.008,0.035,0.095,0.655,0.215,0.035,0.455,0.275,0.185,0.085
1343,SDT,SS,31,SDT_1343,SDT_SS,R,R,1,0.289,-0.06,6.3,0.999,0.26,0.085,0.235,0.008,0.035,0.095,0.655,0.215,0.035,0.455,0.275,0.185,0.085
1344,SDT,2B,26,SDT_1344,SDT_2B,L,R,1,0.251,0.84,4.3,0.999,0.293,0.085,0.235,0.008,0.035,0.095,0.655,0.215,0.035,0.455,0.275,0.185,0.085
1345,SDT,RF,23,SDT_1345,SDT_RF,R,R,2,0.248,-0.28,3.3,0.999,0.294,0.085,0.235,0.008,0.035,0.095,0.655,0.215,0.035,0.455,0.275,0.185,0.085
1346,SDT,3B,32,SDT_1346,SDT_3B,R,R,3,0.229,0.93,1.6,0.999,0.236,0.085,0.235,0.008,0.035,0.095,0.655,0.215,0.035,0.455,0.275,0.185,0.085
1347,SDT,3B,33,SDT_1347,SDT_3B,L,R,3,0.232,-0.66,3,0.999,0.316,0.085,0.235,0.008,0.035,0.095,0.655,0.215,0.035,0.455,0.275,0.185,0.085
1348,SDT,LF,33,SDT_1348,SDT_LF,R,R,2,0.202,-0.1,5.3,0.999,0.252,0.085,0.235,0.008,0.035,0.095,0.655,0.215,0.035,0.455,0.275,0.185,0.085
1349,SDT,C,34,SDT_1349,SDT_C,R,R,1,0.264,0.61,3.6,0.999,0.284,0.085,0.235,0.008,0.035,0.095,0.655,0.215,0.035,0.455,0.275,0.185,0.085
1350,SDT,CF,29,SDT_1350,SDT_CF,B,R,2,0.237,0.24,6.8,0.999,0.373,0.085,0.235,0.008,0.035,0.095,0.655,0.215,0.035,0.455,0.275,0.185,0.085
1351,SDT,SP,28,SDT_1351,SDT_SP,R,R,4,0.183,-0.27,6.9,0.999,0.256,0.085,0.235,0.008,0.035,0.095,0.655,0.215,0.035,0.455,0.275,0.185,0.085
1352,SDT,SP,29,SDT_1352,SDT_SP,R,R,5,0.235,0.05,8.1,0.999,0.316,0.085,0.235,0.008,0.035,0.095,0.655,0.215,0.035,0.455,0.275,0.185,0.085
1353,SDT,SP,25,SDT_1353,SDT_SP,R,R,2,0.226,-0.15,4.4,0.999,0.311,0.085,0.235,0.008,0.035,0.095,0.655,0.215,0.035,0.455,0.275,0.185,0.085
1354,SDT,SP,36,SDT_1354,SDT_SP,R,R,5,0.193,-0.15,4.1,0.999,0.332,0.085,0.235,0.008,0.035,0.095,0.655,0.215,0.035,0.455,0.275,0.185,0.085
1355,SDT,SP,29,SDT_1355,SDT_SP,R,R,3,0.229,0.29,3.2,0.999,0.317,0.085,0.235,0.008,0.035,0.095,0.655,0.215,0.035,0.455,0.275,0.185,0.085
1356,SDT,RP,30,SDT_1356,SDT_RP,L,L,4,0.233,0.71,6.3,0.999,0.358,0.085,0.235,0.008,0.035,0.095,0.655,0.215,0.035,0.455,0.275,0.185,0.085
1357,SDT,RP,26,SDT_1357,SDT_RP,L,R,1,0.219,0.54,4.3,0.999,0.228,0.085,0.235,0.008,0.035,0.095,0.655,0.215,0.035,0.455,0.275,0.185,0.085
1358,SDT,RP,36,SDT_1358,SDT_RP,R,R,4,0.21,-0.27,3.3,0.999,0.262,0.085,0.235,0.008,0.035,0.095,0.655,0.215,0.035,0.455,0.275,0.185,0.085
1359,SDT,RP,25,SDT_1359,SDT_RP,R,R,3,0.273,0.22,1.6,0.999,0.354,0.085,0.235,0.008,0.035,0.095,0.655,0.215,0.035,0.455,0.275,0.185,0.085
1360,SDT,RP,37,SDT_1360,SDT_RP,R,R,5,0.197,-0.47,3,0.999,0.266,0.085,0.235,0.008,0.035,0.095,0.655,0.215,0.035,0.455,0.275,0.185,0.085
1361,SDT,RP,29,SDT_1361,SDT_RP,R,R,5,0.233,0.52,5.3,0.999,0.326,0.085,0.235,0.008,0.035,0.095,0.655,0.215,0.035,0.455,0.275,0.185,0.085
1362,SDT,RP,22,SDT_1362,SDT_RP,R,R,5,0.167,0.17,3.6,0.999,0.262,0.085,0.235,0.008,0.035,0.095,0.655,0.215,0.035,0.455,0.275,0.185,0.085
1363,SDT,RP,29,SDT_1363,SDT_RP,R,R,4,0.286,0.63,6.8,0.999,0.25,0.085,0.235,0.008,0.035,0.095,0.655,0.215,0.035,0.455,0.275,0.185,0.085
1364,SFN,CF,34,SFN_1364,SFN_CF,L,R,2,0.197,-0.31,6.9,0.999,0.343,0.085,0.235,0.008,0.035,0.095,0.655,0.215,0.035,0.455,0.275,0.185,0.085
1365,SFN,DH,29,SFN_1365,SFN_DH,L,R,5,0.31,-0.46,8.1,0.999,0.331,0.085,0.235,0.008,0.035,0.095,0.655,0.215,0.035,0.455,0.275,0.185,0.085
1366,SFN,LF,31,SFN_1366,SFN_LF,R,R,5,0.272,0.26,4.4,0.999,0.313,0.085,0.235,0.008,0.035,0.095,0.655,0.215,0.035,0.455,0.275,0.185,0.085
1367,SFN,1B,34,SFN_1367,SFN_1B,L,R,5,0.282,-0.78,4.1,0.999,0.322,0.085,0.235,0.008,0.035,0.095,0.655,0.215,0.035,0.455,0.275,0.185,0.085
1368,SFN,C,29,SFN_1368,SFN_C,R,R,4,0.248,0.69,3.2,0.999,0.32,0.085,0.235,0.008,0.035,0.095,0.655,0.215,0.035,0.455,0.275,0.185,0.085
1369,SFN,SS,31,SFN_1369,SFN_SS,R,R,1,0.289,-0.06,6.3,0.999,0.347,0.085,0.235,0.008,0.035,0.095,0.655,0.215,0.035,0.455,0.275,0.185,0.085
1370,SFN,2B,26,SFN_1370,SFN_2B,L,R,1,0.251,0.84,4.3,0.999,0.307,0.085,0.235,0.008,0.035,0.095,0.655,0.215,0.035,0.455,0.275,0.185,0.085
1371,SFN,RF,23,SFN_1371,SFN_RF,R,R,2,0.248,-0.28,3.3,0.999,0.367,0.085,0.235,0.008,0.035,0.095,0.655,0.215,0.035,0.455,0.275,0.185,0.085
1372,SFN,3B,32,SFN_1372,SFN_3B,R,R,3,0.229,0.93,1.6,0.999,0.269,0.085,0.235,0.008,0.035,0.095,0.655,0.215,0.035,0.455,0.275,0.185,0.085
1373,SFN,3B,33,SFN_1373,SFN_3B,L,R,3,0.232,-0.66,3,0.999,0.317,0.085,0.235,0.008,0.035,0.095,0.655,0.215,0.035,0.455,0.275,0.185,0.085
1374,SFN,LF,33,SFN_1374,SFN_LF,R,R,2,0.202,-0.1,5.3,0.999,0.353,0.085,0.235,0.008,0.035,0.095,0.655,0.215,0.035,0.455,0.275,0.185,0.085
1375,SFN,C,34,SFN_1375,SFN_C,R,R,1,0.264,0.61,3.6,0.999,0.345,0.085,0.235,0.008,0.035,0.095,0.655,0.215,0.035,0.455,0.275,0.185,0.085
1376,SFN,CF,29,SFN_1376,SFN_CF,B,R,2,0.237,0.24,6.8,0.999,0.274,0.085,0.235,0.008,0.035,0.095,0.655,0.215,0.035,0.455,0.275,0.185,0.085
1377,SFN,SP,28,SFN_1377,SFN_SP,R,R,4,0.183,-0.27,6.9,0.999,0.347,0.085,0.235,0.008,0.035,0.095,0.655,0.215,0.035,0.455,0.275,0.185,0.085
1378,SFN,SP,29,SFN_1378,SFN_SP,R,R,5,0.235,0.05,8.1,0.999,0.374,0.085,0.235,0.008,0.035,0.095,0.655,0.215,0.035,0.455,0.275,0.185,0.085
1379,SFN,SP,25,SFN_1379,SFN_SP,R,R,2,0.226,-0.15,4.4,0.999,0.291,0.085,0.235,0.008,0.035,0.095,0.655,0.215,0.035,0.455,0.275,0.185,0.085
1380,SFN,SP,36,SFN_1380,SFN_SP,R,R,5,0.193,-0.15,4.1,0.999,0.263,0.085,0.235,0.008,0.035,0.095,0.655,0.215,0.035,0.455,0.275,0.185,0.085
1381,SFN,SP,29,SFN_1381,SFN_SP,R,R,3,0.229,0.29,3.2,0.999,0.28,0.085,0.235,0.008,0.035,0.095,0.655,0.215,0.035,0.455,0.275,0.185,0.085
1382,SFN,RP,30,SFN_1382,SFN_RP,L,L,4,0.233,0.71,6.3,0.999,0.258,0.085,0.235,0.008,0.035,0.095,0.655,0.215,0.035,0.455,0.275,0.185,0.085
1383,SFN,RP,26,SFN_1383,SFN_RP,L,R,1,0.219,0.54,4.3,0.999,0.309,0.085,0.235,0.008,0.035,0.095,0.655,0.215,0.035,0.455,0.275,0.185,0.085
1384,SFN,RP,36,SFN_1384,SFN_RP,R,R,4,0.21,-0.27,3.3,0.999,0.315,0.085,0.235,0.008,0.035,0.095,0.655,0.215,0.035,0.455,0.275,0.185,0.085
1385,SFN,RP,25,SFN_1385,SFN_RP,R,R,3,0.273,0.22,1.6,0.999,0.23,0.085,0.235,0.008,0.035,0.095,0.655,0.215,0.035,0.455,0.275,0.185,0.085
1386,SFN,RP,37,SFN_1386,SFN_RP,R,R,5,0.197,-0.47,3,0.999,0.307,0.085,0.235,0.008,0.035,0.095,0.655,0.215,0.035,0.455,0.275,0.185,0.085
1387,SFN,RP,29,SFN_1387,SFN_RP,R,R,5,0.233,0.52,5.3,0.999,0.322,0.085,0.235,0.008,0.035,0.095,0.655,0.215,0.035,0.455,0.275,0.185,0.085
1388,SFN,RP,22,SFN_1388,SFN_RP,R,R,5,0.167,0.17,3.6,0.999,0.237,0.085,0.235,0.008,0.035,0.095,0.655,0.215,0.035,0.455,0.275,0.185,0.085
1389,SFN,RP,29,SFN_1389,SFN_RP,R,R,4,0.286,0.63,6.8,0.999,0.249,0.085,0.235,0.008,0.035,0.095,0.655,0.215,0.035,0.455,0.275,0.185,0.085
1390,WAS,CF,34,WAS_1390,WAS_CF,L,R,2,0.197,-0.31,6.9,0.999,0.27,0.085,0.235,0.008,0.035,0.095,0.655,0.215,0.035,0.455,0.275,0.185,0.085
1391,WAS,DH,29,WAS_1391,WAS_DH,L,R,5,0.31,-0.46,8.1,0.999,0.293,0.085,0.235,0.008,0.035,0.095,0.655,0.215,0.035,0.455,0.275,0.185,0.085
1392,WAS,LF,31,WAS_1392,WAS_LF,R,R,5,0.272,0.26,4.4,0.999,0.342,0.085,0.235,0.008,0.035,0.095,0.655,0.215,0.035,0.455,0.275,0.185,0.085
1393,WAS,1B,34,WAS_1393,WAS_1B,L,R,5,0.282,-0.78,4.1,0.999,0.262,0.085,0.235,0.008,0.035,0.095,0.655,0.215,0.035,0.455,0.275,0.185,0.085
1394,WAS,C,29,WAS_1394,WAS_C,R,R,4,0.248,0.69,3.2,0.999,0.319,0.085,0.235,0.008,0.035,0.095,0.655,0.215,0.035,0.455,0.275,0.185,0.085
1395,WAS,SS,31,WAS_1395,WAS_SS,R,R,1,0.289,-0.06,6.3,0.999,0.263,0.085,0.235,0.008,0.035,0.095,0.655,0.215,0.035,0.455,0.275,0.185,0.085
1396,WAS,2B,26,WAS_1396,WAS_2B,L,R,1,0.251,0.84,4.3,0.999,0.27,0.085,0.235,0.008,0.035,0.095,0.655,0.215,0.035,0.455,0.275,0.185,0.085
1397,WAS,RF,23,WAS_1397,WAS_RF,R,R,2,0.248,-0.28,3.3,0.999,0.229,0.085,0.235,0.008,0.035,0.095,0.655,0.215,0.035,0.455,0.275,0.185,0.085
1398,WAS,3B,32,WAS_1398,WAS_3B,R,R,3,0.229,0.93,1.6,0.999,0.262,0.085,0.235,0.008,0.035,0.095,0.655,0.215,0.035,0.455,0.275,0.185,0.085
1399,WAS,3B,33,WAS_1399,WAS_3B,L,R,3,0.232,-0.66,3,0.999,0.33,0.085,0.235,0.008,0.035,0.095,0.655,0.215,0.035,0.455,0.275,0.185,0.085
1400,WAS,LF,33,WAS_1400,WAS_LF,R,R,2,0.202,-0.1,5.3,0.999,0.317,0.085,0.235,0.008,0.035,0.095,0.655,0.215,0.035,0.455,0.275,0.185,0.085
1401,WAS,C,34,WAS_1401,WAS_C,R,R,1,0.264,0.61,3.6,0.999,0.352,0.085,0.235,0.008,0.035,0.095,0.655,0.215,0.035,0.455,0.275,0.185,0.085
1402,WAS,CF,29,WAS_1402,WAS_CF,B,R,2,0.237,0.24,6.8,0.999,0.371,0.085,0.235,0.008,0.035,0.095,0.655,0.215,0.035,0.455,0.275,0.185,0.085
1403,WAS,SP,28,WAS_1403,WAS_SP,R,R,4,0.183,-0.27,6.9,0.999,0.308,0.085,0.235,0.008,0.035,0.095,0.655,0.215,0.035,0.455,0.275,0.185,0.085
1404,WAS,SP,29,WAS_1404,WAS_SP,R,R,5,0.235,0.05,8.1,0.999,0.265,0.085,0.235,0.008,0.035,0.095,0.655,0.215,0.035,0.455,0.275,0.185,0.085
1405,WAS,SP,25,WAS_1405,WAS_SP,R,R,2,0.226,-0.15,4.4,0.999,0.297,0.085,0.235,0.008,0.035,0.095,0.655,0.215,0.035,0.455,0.275,0.185,0.085
1406,WAS,SP,36,WAS_1406,WAS_SP,R,R,5,0.193,-0.15,4.1,0.999,0.232,0.085,0.235,0.008,0.035,0.095,0.655,0.215,0.035,0.455,0.275,0.185,0.085
1407,WAS,SP,29,WAS_1407,WAS_SP,R,R,3,0.229,0.29,3.2,0.999,0.319,0.085,0.235,0.008,0.035,0.095,0.655,0.215,0.035,0.455,0.275,0.185,0.085
1408,WAS,RP,30,WAS_1408,WAS_RP,L,L,4,0.233,0.71,6.3,0.999,0.259,0.085,0.235,0.008,0.035,0.095,0.655,0.215,0.035,0.455,0.275,0.185,0.085
1409,WAS,RP,26,WAS_1409,WAS_RP,L,R,1,0.219,0.54,4.3,0.999,0.321,0.085,0.235,0.008,0.035,0.095,0.655,0.215,0.035,0.455,0.275,0.185,0.085
1410,WAS,RP,36,WAS_1410,WAS_RP,R,R,4,0.21,-0.27,3.3,0.999,0.354,0.085,0.235,0.008,0.035,0.095,0.655,0.215,0.035,0.455,0.275,0.185,0.085
1411,WAS,RP,25,WAS_1411,WAS_RP,R,R,3,0.273,0.22,1.6,0.999,0.37,0.085,0.235,0.008,0.035,0.095,0.655,0.215,0.035,0.455,0.275,0.185,0.085
1412,WAS,RP,37,WAS_1412,WAS_RP,R,R,5,0.197,-0.47,3,0.999,0.321,0.085,0.235,0.008,0.035,0.095,0.655,0.215,0.035,0.455,0.275,0.185,0.085
1413,WAS,RP,29,WAS_1413,WAS_RP,R,R,5,0.233,0.52,5.3,0.999,0.324,0.085,0.235,0.008,0.035,0.095,0.655,0.215,0.035,0.455,0.275,0.185,0.085
1414,WAS,RP,22,WAS_1414,WAS_RP,R,R,5,0.167,0.17,3.6,0.999,0.349,0.085,0.235,0.008,0.035,0.095,0.655,0.215,0.035,0.455,0.275,0.185,0.085
1415,WAS,RP,29,WAS_1415,WAS_RP,R,R,4,0.286,0.63,6.8,0.999,0.369,0.085,0.235,0.008,0.035,0.095,0.655,0.215,0.035,0.455,0.275,0.185,0.085
